source,molecules,in_database,in_mass_window,database_recall,candidate_recall
enveda-180,1331,1,1,0.0007513148009015778,0.0007513148009015778
pluskal_ms2,234,12,12,0.05128205128205128,0.05128205128205128
gnps,192,58,53,0.3020833333333333,0.2760416666666667
spectraverse,64,11,11,0.171875,0.171875
gnps|pluskal_ms2,39,10,10,0.2564102564102564,0.2564102564102564
riken,18,18,14,1.0,0.7777777777777778
enveda-180|pluskal_ms2,14,0,0,0.0,0.0
mona|riken,10,7,6,0.7,0.6
gnps|massbank|riken,7,1,1,0.14285714285714285,0.14285714285714285
gnps|riken,7,6,5,0.8571428571428571,0.7142857142857143
mona,6,2,2,0.3333333333333333,0.3333333333333333
mona|msdial|riken,6,6,6,1.0,1.0
msdial,6,1,1,0.16666666666666666,0.16666666666666666
mona|pluskal_ms2|riken,6,6,6,1.0,1.0
pluskal_ms2|riken,6,5,5,0.8333333333333334,0.8333333333333334
massbank|riken,5,3,3,0.6,0.6
massbank,5,2,2,0.4,0.4
gnps|mona|riken,4,4,3,1.0,0.75
gnps|massbank,3,2,2,0.6666666666666666,0.6666666666666666
massbank|msdial|riken,3,2,1,0.6666666666666666,0.3333333333333333
gnps|msdial,3,3,3,1.0,1.0
gnps|massbank|mona,2,2,2,1.0,1.0
gnps|mona|msdial|riken,2,2,2,1.0,1.0
gnps|mona|msdial,2,1,1,0.5,0.5
massbank|pluskal_ms2|riken,2,2,1,1.0,0.5
msdial|riken,2,1,0,0.5,0.0
mona|msdial|pluskal_ms2,2,2,2,1.0,1.0
massbank|mona|msdial|riken,2,2,1,1.0,0.5
enveda-180|gnps|pluskal_ms2,1,0,0,0.0,0.0
gnps|massbank|pluskal_ms2,1,0,0,0.0,0.0
gnps|massbank|msdial|riken,1,1,1,1.0,1.0
gnps|massbank|msdial,1,1,1,1.0,1.0
gnps|massbank|mona|riken,1,1,1,1.0,1.0
drug_plus|gnps|msdial,1,1,1,1.0,1.0
drug_plus|gnps|riken,1,1,1,1.0,1.0
drug_plus|pluskal_ms2,1,0,0,0.0,0.0
gnps|msdial|riken,1,1,1,1.0,1.0
massbank|msdial|pluskal_ms2|riken,1,1,1,1.0,1.0
massbank|msdial,1,0,0,0.0,0.0
massbank|mona|riken,1,0,0,0.0,0.0
massbank|mona|msdial,1,1,0,1.0,0.0
gnps|mona,1,1,1,1.0,1.0
gnps|massbank|pluskal_ms2|riken,1,1,0,1.0,0.0
mona|msdial,1,1,1,1.0,1.0
msdial|pluskal_ms2|riken,1,1,1,1.0,1.0
